{"cameraMode":{"drawMode":0,"name":"Shaded","section":"Shading Mode"},"sceneLighting":false,"audioPlay":false,"sceneViewState":{"showFog":true,"showMaterialUpdate":false,"showSkybox":true,"showFlares":true,"showImageEffects":true,"showParticleSystems":true},"in2DMode":false,"pivot":{"x":278.8775634765625,"y":302.7186279296875,"z":93.86237335205078},"rotation":{"x":0.02967086434364319,"y":0.03207721561193466,"z":0.0009519957238808274,"w":-0.9990466237068176},"size":615.69921875,"orthographic":false}